City,State,Status,State_Abbrv,County,County_w_Abbrv,School_District,Estimated_City_Total_Population,Estimated_City_Population_5-17,Estimated_city_number_of_relevant_children_5_to_17_years_old_in_poverty_who_are_related_to_the_householder,Perct_of_City_School_Children_in_Poverty,SNAP_Recipients_July_18,Perct_SNAP_Recipients_July_18,SNAP_Recipients_July_17,Perct_SNAP_Recipients_July_17,Total_Public_School_Expediture,Prct_of_US_Total_School_Expenditure_,Public_School_Total_Salary_Expenses,Public_School_Teacher_Salary_Expenses,Total_Public_School_Reveune,Federal_Public_School_Revenue,State_Public_School_Revenue,Local_Public_School_Revenue,Public_School_Revenue_Per_Pupil,firms,estabs,emp,denom,estabs_entry,estabs_entry_rate,estabs_exit,estabs_exit_rate,job_creation,job_creation_births,job_creation_continuers,job_creation_rate_births,job_creation_rate,job_destruction,job_destruction_deaths,job_destruction_continuers,job_destruction_rate_deaths,job_destruction_rate,net_job_creation,net_job_creation_rate,reallocation_rate,firmdeath_firms,firmdeath_estabs,firmdeath_emp,"Poverty_Universe,_All_Ages","Poverty_Universe,_Age_5-17_related","Poverty_Universe,_Age_0-17",Fam_Income_25_to_50K,Fam_Income_50_to_100K,Fam_Income_Over_100k,Fam_Income_Under_25k,Homeowners,Renters,Ave_Family_Income,Own_A_Business,Wage_Based_Salary,Welfare,Public_Housing,WIC_Benefits,Average_Childcare_Expense,Heathcare_ID,Heart_Disease_Age_35_to_64,Heart_Disease_Age_65_Up,Stroke_Age_35_to_64,Stroke_Age_65_Up,No_Health_Insurnace,Binge_Drinkers,High_Blood_Pressure,Cancer,Routine_Doctor_Checkups,COPD,Smokers,Regular_Dental_Cleanings,Diabetes,Leisure_Time_Exercise,Poor_Mental_Health,Obesity,Poor_Physical_Health,Lack_of_Sleep
Birmingham,Alabama,S,AL,Jefferson County,"Jefferson County, AL",Jefferson County Board Of Education,212192,30116,10336,0.343206269,102531,0.483199178,108145,0.509656349,334758,0.000531683,193856,200955,377327,36208,214779,126340,10440,35416,46407,939365,945397,3417,7.212,5367,11.327,109198,33593,75605,3.553,11.55,122072,47195,74877,4.992,12.912,-12874,-1.362,23.101,2440,2527,27329,1220999,185648,257196,0.224358974,0.333333333,0.205128205,0.237179487,0.612121212,0.387878788,69115.66667,0.082051282,0.564102564,0.025641026,0.051282051,0.01025641,635.9794872,6067,54.1,391.7,30,405.2,19.2,13.2,43.8,5.6,76.9,8.8,22.3,52.6,16.7,35.6,15.2,41.7,16.3,41.5
Tucson,Arizona,I,AZ,Pima County,"Pima County, AZ",Tucson Unified School District 1,504979,72229,14289,0.197829127,129892,0.257222578,136905,0.271110284,419774,0.00066671,252825,243608,419774,69318,146448,218281,9640,22914,29292,548240,546510,2750,9.449,2376,8.164,69837,20352,49485,3.724,12.779,66516,19295,47221,3.531,12.171,3321,0.608,24.342,1516,1552,9285,324682,54337,74264,0.235059761,0.370517928,0.139442231,0.25498008,0.590405904,0.409594096,56081.67774,0.089700997,0.644518272,0.006644518,0.023255814,0.029900332,137.7009967,51810,47.7,570.4,13.7,226.5,18,15.6,26.8,5.7,65.8,6.7,18.8,59.6,10,25.5,14.1,29,14.4,34.2
Los Angeles,California,S,CA,Los Angeles County,"Los Angeles County, CA",Los Angeles Unified School District,4641973,688725,142752,0.207269955,1025244,0.220863844,1044726,0.225060766,8232102,0.013074719,4296985,5407436,10200836,1083978,6240975,2875883,16415.52331,75437,93892,1662387,1635253,10079,10.825,8520,9.15,234360,61910,172450,3.786,14.332,179029,53092,125937,3.247,10.948,55331,3.384,21.896,5672,5738,28863,2159702,313495,442246,0.217948718,0.435897436,0.192307692,0.153846154,0.632183908,0.367816092,66871.15385,0.076923077,0.557692308,0,0.048076923,0.028846154,279.4326923,24043,55.8,679.5,14.8,237.2,17.3,16.7,26.7,4.9,65,5.3,14,58.8,10.2,22.2,12.9,26.1,12.8,36.8
Riverside,California,I,CA,Riverside County,"Riverside County, CA",Corona-Norco Unified,276980,46153,5039,0.109180335,242220,0.874503574,265617,0.958975377,607478,0.000964833,367705,255658,693389,37266,438298,217825,13010.6391,95333,117001,2219519,2174234,12204,10.474,11237,9.644,345537,93921,251616,4.32,15.892,256003,88794,167209,4.084,11.774,89534,4.118,23.549,7828,7951,49549,868690,76351,116051,0.165680473,0.25443787,0.272189349,0.307692308,0.33,0.67,59917.14768,0.042194093,0.544303797,0,0.105485232,0.042194093,471.721519,17031,50.8,772.4,13.6,251.5,15.7,14.2,30,5,64.9,5.5,15.5,63.1,11.6,24.3,12.9,31.6,12.8,37.2
Sacramento,California,I,CA,Sacramento County,"Sacramento County, CA",Elk Grove Unified,354952,53153,9122,0.171617783,186968,0.526741644,200158,0.563901598,732511,0.001163418,424378,284231,798448,63036,552503,182909,12614.31032,31048,40141,881730,868441,5038,12.665,4313,10.843,125191,42110,83081,4.849,14.416,99446,37718,61728,4.343,11.451,25745,2.965,22.902,2949,3001,18857,2176532,366687,505077,0.247330961,0.330960854,0.263345196,0.158362989,0.715179969,0.284820031,65538.62861,0.045169385,0.539523212,0.012547051,0.021329987,0.011292346,427.7578419,12095,53.5,623.3,18.1,304.3,16.1,18.7,26.4,4.7,63.6,5.2,15.2,60.8,9.1,23.3,13.1,28.1,12.2,38.7
San Francisco,California,I,CA,San Francisco County,"San Francisco County, CA",San Francisco Unified,881549,78817,7467,0.094738445,44932,0.050969373,48269,0.054754756,821981,0.00130552,466035,291557,1046962,49656,355502,641804,17373.21408,14158,18405,321085,319383,1630,8.853,1645,8.934,42729,13173,29556,4.125,13.379,39284,14013,25271,4.388,12.3,3445,1.079,24.6,1061,1079,5263,998103,153971,212045,0.231671554,0.360703812,0.228739003,0.17888563,0.559139785,0.440860215,73158.40995,0.085308057,0.672985782,0.004739336,0.014218009,0.021327014,306.4123223,24510,27.8,406.9,11,255.6,13.2,16.8,30.3,5.2,64.5,5.9,15.7,60.5,10.4,22.7,13.2,28.1,12.7,37.8
San Jose,California,I,CA,Santa Clara County,"Santa Clara County, CA",San Jose Unified,272092,39762,2321,0.058372315,76095,0.279666436,88180,0.324081561,366919,0.000582763,500000,213778,446585,18595,123307,304683,14082,45728,57476,1113907,1091412,7268,12.798,5896,10.382,166312,54802,111510,5.021,15.238,120574,45530,75044,4.172,11.048,45738,4.191,22.095,4013,4040,21584,1321373,215275,298268,0.175710594,0.351421189,0.333333333,0.139534884,0.623222749,0.376777251,83371.18259,0.089171975,0.675159236,0,0.025477707,0.012738854,874.4522293,39061,24,394.3,10.2,218.3,8.8,21.6,25,5.2,64.5,4,11.7,69.7,8.5,17.8,9.9,17.1,8.9,30.4
Denver,Colorado,S,CO,Denver County,"Denver County, CO",Denver School District 1,727211,96311,14780,0.153461183,80206,0.110292611,77033,0.105929366,1091543,0.001733654,711152,652523,1421594,116759,304032,1000803,15482.06312,173640,217076,4265760,4261012,20930,9.663,19982,9.225,531932,157810,374122,3.704,12.484,523012,183858,339154,4.315,12.274,8920,0.209,24.549,13006,13331,88229,5125439,812156,1133304,0.243164063,0.250976563,0.267578125,0.23828125,0.575865129,0.424134871,67100.05233,0.07994186,0.585755814,0.004360465,0.015261628,0.027616279,414.5392442,51087,33.9,400.5,12.2,270.5,12,15,23.2,4.9,63.8,4,11.6,68,9,21.4,10.2,20.8,9.9,32.9
Hartford,Connecticut,S,CT,Hartford County,"Hartford County, CT",,245298,39102,8428,0.215538847,118698,0.483893061,124757,0.508593629,524913,0.000833698,500000,210881,526587,36028,391404,99155,26917,37050,44477,1053001,1037630,4806,10.852,4423,9.987,141961,39127,102834,3.771,13.681,110837,35707,75130,3.441,10.682,31124,3,21.364,3102,3114,21202,1911659,307787,424596,0.298780488,0.237804878,0.201219512,0.262195122,0.655367232,0.344632768,44633.13983,0.042372881,0.466101695,0.029661017,0.042372881,0.004237288,161.6228814,39035,40.2,493.2,9.6,192.1,14.8,23.9,23.7,5.3,59.5,4.2,17.3,65.3,6.2,15.4,11.4,19.8,10.3,28.4
Jacksonville,Florida,I,FL,Duval County,"Duval County, FL",Duval County,957755,151177,28786,0.190412563,156072,0.16295608,163889,0.171117875,1188927,0.001888325,567095,392230,1256503,158082,633567,464854,9696.511116,19817,25097,490033,488616,1987,7.924,1942,7.745,55875,16323,39552,3.341,11.435,52792,17361,35431,3.553,10.804,3083,0.631,21.609,1321,1357,7361,899937,135415,186344,0.223684211,0.320175439,0.293859649,0.162280702,0.68487395,0.31512605,66713.19217,0.06405694,0.629893238,0.007117438,0.007117438,0.03202847,730.0676157,42101,61.9,622.6,19.2,339.8,18.8,14.6,34.8,4.4,74.2,7,20.6,60.6,14,35.1,15.7,35.7,15.4,40.9
Orlando,Florida,I,FL,Orange County,"Orange County, FL",Orange County,1393452,221934,37634,0.169572936,200227,0.143691351,208420,0.149570993,1997182,0.003172045,1075134,662417,2501267,237625,868919,1394723,12262.1947,25612,34551,620796,617339,2874,8.317,2883,8.343,73762,19404,54358,3.143,11.948,66611,21061,45550,3.412,10.79,7151,1.158,21.58,1748,1783,9926,440160,70296,98825,0.316582915,0.246231156,0.150753769,0.286432161,0.612440191,0.387559809,48524.45769,0.073076923,0.542307692,0.015384615,0.007692308,0.023076923,165.1,37183,45.1,569.8,16,372.9,7.8,24.3,28.2,4.8,78.6,5.1,17.3,74.7,8.9,17.2,11,25.2,9,36.4
Tampa,Florida,I,FL,Hillsborough County,"Hillsborough County, FL",Hillsborough County,1471968,236287,40575,0.171719138,217817,0.147976722,227995,0.154891275,2017832,0.003204842,1168432,757720,2175639,295001,1113963,766675,10022.66068,98079,126473,2440273,2415870,14663,11.715,12035,9.616,353305,111673,241632,4.622,14.624,302894,97764,205130,4.047,12.538,50411,2.087,25.075,7917,8058,48153,739938,119608,171844,0.240816327,0.285714286,0.310204082,0.163265306,0.605263158,0.394736842,72169.9645,0.065088757,0.594674556,0.023668639,0.026627219,0.014792899,422.6035503,9003,58.1,600.4,13.9,194.4,20.3,18.9,33.3,5.9,75.2,7.6,20.4,57.4,11,28.2,13.8,31.3,13.4,38.2
Atlanta,Georgia,S,GA,DeKalb County,"DeKalb County, GA",Atlanta,485600,58227,18258,0.313565872,127633,0.262835667,187981,0.387110791,858391,0.001363348,445495,268349,1069553,74601,211200,783752,20510.34575,93772,118686,2541305,2527286,10565,8.943,9459,8.007,308131,88616,219515,3.506,12.192,281412,82501,198911,3.264,11.135,26719,1.057,22.27,6154,6275,41774,752328,89771,131362,0.233716475,0.344827586,0.222222222,0.199233716,0.605633803,0.394366197,54856.92603,0.04109589,0.550684932,0.008219178,0.024657534,0.043835616,409.4356164,29095,33.4,293,18.1,254.8,23.7,19.1,29.3,4.8,71.6,6.3,17.2,58.8,10.1,29.5,13.4,29.7,12.8,37.6
Chicago,Illinois,S,IL,Cook County,"Cook County, IL",City Of Chicago School District 299,2771710,405540,88447,0.218096859,845345,0.304990421,893006,0.322185943,5281978,0.008389155,2414238,3757165,6511721,728804,2312774,3470143,17424.99599,265747,318833,5577113,5548311,36338,11.488,31310,9.898,827370,263807,563563,4.755,14.912,767212,248966,518246,4.487,13.828,60158,1.084,27.656,21962,22330,138689,10007071,1577008,2188918,0.272058824,0.301470588,0.205882353,0.220588235,0.693877551,0.306122449,59009.25882,0.1,0.588235294,0.005882353,0.023529412,0.011764706,468.5588235,13089,43.9,540.4,16.3,292.1,23.1,17.9,30.6,5.6,73.6,6.9,19.4,55.5,11.9,30.2,13.9,28.5,13.8,35.6
New Orleans,Louisiana,S,LA,Orleans Parish,"Orleans Parish, LA",Jefferson Parish School District,390144,54846,19898,0.362797652,80802,0.207108145,86790,0.222456324,561545,0.00089188,288969,336868,437271,25569,29169,382533,88302,22782,28486,502629,506911,2385,8.384,2309,8.117,62275,18289,43986,3.608,12.285,70120,20157,49963,3.976,13.833,-7845,-1.548,24.57,1469,1481,9727,381337,54754,78087,0.262032086,0.299465241,0.213903743,0.22459893,0.626943005,0.373056995,59482.88426,0.041666667,0.625,0.032407407,0.027777778,0.023148148,306.712963,12057,66.7,354.5,24.1,288.7,17.7,16.3,33.4,4.8,74.8,5.7,17.1,62.1,10.9,25.8,12.2,27.9,11.1,38.4
Boston,Massachusetts,I,MA,Suffolk County,"Suffolk County, MA",Boston City Schools,687699,74147,19777,0.266726907,128967,0.187534081,132874,0.193215346,1273247,0.002022247,781563,844610,1611738,81913,384772,1145053,30604.16983,26318,32521,528193,527109,3165,9.771,2906,8.971,68325,22258,46067,4.223,12.962,66429,22987,43442,4.361,12.603,1896,0.36,25.205,1877,1920,12480,772365,139645,198890,0.194444444,0.290123457,0.327160494,0.188271605,0.614730878,0.385269122,75392.82116,0.057934509,0.629722922,0.027707809,0.01511335,0.01511335,533.7556675,49035,34.8,383.8,10.3,179.9,16.4,21.5,31.5,5,69.4,5.8,17.6,57.5,10.9,26.4,12.2,33,12.4,36
Baltimore,Maryland,S,MD,Baltimore County,"Baltimore County, MD",Baltimore County,593490,83117,25540,0.307277693,90214,0.152005931,91757,0.154605806,1600452,0.002541934,1193619,629614,1536343,154968,939957,441418,19063.45622,48389,61149,1195177,1185291,5372,8.787,5352,8.754,150722,45744,104978,3.859,12.716,131599,40694,90905,3.433,11.103,19123,1.613,22.205,3366,3432,20663,811466,128569,177716,0.235294118,0.25893887,0.249711649,0.256055363,0.447696477,0.552303523,74318.92749,0.106320431,0.662420382,0.024007839,0.026457619,0.047035767,363.5301323,53033,142.9,1509.7,44.7,667.8,16.1,19.5,38,5.2,72.1,6.8,20.6,56.4,13,26.8,13.3,33.8,12.7,40.7
Washington,Maryland,I,MD,Washington County,"Washington County, MD",District Of Columbia Public Schools,151049,24216,3662,0.151222332,21945,0.145283981,22573,0.149441572,1097091,0.001742466,724055,689845,1507836,136050,0,1371786,31280,37831,48821,978800,963675,4714,9.656,4707,9.642,140555,42092,98463,4.368,14.585,109819,38629,71190,4.009,11.396,30736,3.189,22.792,2932,3032,17900,687745,115553,161943,0.239554318,0.292479109,0.158774373,0.309192201,0.609336609,0.390663391,49309.21457,0.047244094,0.531496063,0.005905512,0.047244094,0.013779528,263.4232283,37119,63.9,733.9,13.2,266.7,9.8,22.8,25.1,4.5,74.5,5.1,16.4,66.6,8.4,19.9,13.9,22.9,10.5,35.5
Detroit,Michigan,S,MI,Wayne County,"Wayne County, MI",Detroit Public Schools Community District,686187,121583,49952,0.410846911,397846,0.579792389,424924,0.619253935,661647,0.001050868,293308,358117,736965,171621,485387,79957,14558.48363,440499,514888,8590823,8526145,53542,10.424,51004,9.93,1186288,376064,810224,4.411,13.914,1056152,369924,686228,4.339,12.387,130136,1.526,24.774,36464,36936,205891,1614170,156277,234889,0.226876091,0.312390925,0.272251309,0.188481675,0.592592593,0.407407407,80386.56764,0.09623431,0.642956764,0.008368201,0.018131102,0.019525802,475.3110181,22071,110,893.8,21.1,269.6,12.8,16.8,38.1,5.5,76.5,7.2,21.9,55,13.2,28.6,13.9,35.3,12.3,43
Kansas City,Missouri,S,MO,Jackson County,"Jackson County, MO",Kansas City 33,202478,29943,8534,0.285008182,94585,0.46713717,100564,0.496666304,212122,0.000336905,500000,108094,247202,33024,13727,200451,16083,31543,42316,915576,911227,4485,10.678,3860,9.19,132771,44449,88322,4.878,14.571,125908,33290,92618,3.653,13.817,6863,0.753,27.635,2427,2473,16825,1914735,358784,498935,0.181954887,0.303759398,0.377443609,0.136842105,0.592489569,0.407510431,92994.63379,0.085080148,0.669543773,0.006165228,0.033292232,0.035758323,477.108508,25025,56.8,451.8,18.8,265.5,19.5,14.8,46.6,5.8,77.2,11.3,28.3,50.7,17.7,35.7,18,47,19.3,49.8
St. Louis,Missouri,S,MO,St. Louis County,"St. Louis County, MO",St Louis City Bd Of Education,300576,38087,10781,0.283062462,98415,0.327421351,101630,0.338117481,337998,0.000536829,169086,187241,401826,54418,51869,295539,17492,50897,63057,1054407,1036602,6704,10.739,5448,8.727,145525,40245,105280,3.882,14.039,109985,34125,75860,3.292,10.61,35540,3.429,21.22,3651,3701,17066,792245,106272,151189,0.20802005,0.363408521,0.280701754,0.147869674,0.717948718,0.282051282,90384.70807,0.105590062,0.703933747,0.008281573,0.016563147,0.002070393,374.1987578,6075,167.3,1537.8,41.4,600.4,16.4,18.5,33.4,5.7,71.1,7.3,22.3,59.2,11.4,24.9,14,33,13.8,38.4
Charlotte,North Carolina,S,NC,Mecklenburg County,"Mecklenburg County, NC",Charlotte-Mecklenburg Schools,1110356,184970,23605,0.127615289,116395,0.10482674,130697,0.117707294,1381814,0.00219468,872326,932061,1498437,148357,848938,501142,10149.88045,37466,47162,842482,837811,5965,12.798,4858,10.423,127239,46129,81110,5.506,15.187,118800,37287,81513,4.451,14.18,8439,1.007,28.36,3108,3156,20817,1204389,189269,268136,0.181818182,0.264705882,0.430481283,0.122994652,0.530864198,0.469135802,110029.8253,0.109473684,0.589473684,0.014736842,0.04,0.012631579,611.5115789,29189,30.3,322.6,16,263.3,17.9,18.6,34,5.5,73.7,7.8,24.9,54.6,13,28.8,15.5,36.7,15.4,37.7
Raleigh,North Carolina,I,NC,Wake County,"Wake County, NC",Wake County Schools,1111761,195470,15725,0.080447127,69550,0.06255841,77799,0.06997817,1436207,0.00228107,944405,1001050,1487989,102408,908023,477558,9218.291754,53575,69300,1284087,1270418,7157,10.354,6797,9.834,171490,56714,114776,4.464,13.499,144670,47965,96705,3.776,11.388,26820,2.111,22.775,4339,4438,19599,976021,158311,216288,0.184475806,0.287298387,0.347782258,0.180443548,0.536044362,0.463955638,77138.82615,0.060070671,0.537809187,0.009893993,0.038869258,0.012014134,500.0812721,55079,32.6,381.2,12,299.8,17.2,17.6,30.5,5,74.1,5.2,17.1,66.2,9.1,19.1,11.9,29.1,10.3,33.4
Las Vegas,Nevada,I,NV,Clark County,"Clark County, NV",Clark County School District,2266715,381325,66015,0.173120042,344110,0.151809998,352026,0.155302277,2955544,0.004694173,1756073,1933838,3508225,301545,1089847,2116833,10654.90996,18847,24220,468873,460624,2070,8.574,1918,7.944,69735,16334,53401,3.546,15.139,52855,18770,34085,4.075,11.475,16880,3.665,22.949,1237,1262,7935,643726,107350,148690,0.241877256,0.319494585,0.222021661,0.216606498,0.578861789,0.421138211,65949.82865,0.077247191,0.606741573,0.007022472,0.009831461,0.011235955,498.622191,24005,62.8,701.5,17.7,245.1,18.7,23.7,22,3.2,68.8,4.2,19.5,67.1,5.8,19.4,13.8,24.8,8.7,37
Buffalo,New York,S,NY,Erie County,"Erie County, NY",Buffalo City School District,261225,39847,15175,0.380831681,142674,0.54617284,147511,0.564689444,735880,0.001168769,363097,475449,1037204,97460,813461,126283,30513,105153,134820,2675018,2657984,12045,8.941,11828,8.78,339178,96335,242843,3.624,12.761,303851,95588,208263,3.596,11.432,35327,1.329,22.863,7543,7680,40823,1531792,235072,338928,0.299528302,0.299528302,0.16745283,0.233490566,0.617391304,0.382608696,56351.04417,0.075971731,0.575971731,0.005300353,0.024734982,0.008833922,135.3321555,6085,59.5,661.9,14.4,236.1,15.6,17.7,26.8,4.8,72.7,4.6,15.6,66.8,7.8,17.9,12.2,27.9,9.2,33.1
New York,New York,S,NY,New York County,"New York County, NY",New York City School District,8336817,1193045,259012,0.217101618,225306,0.027025422,232939,0.027941,25969907,0.041246967,11816403,19667334,31738469,1475819,10884506,19378144,32493.25482,98670,128663,2715244,2707085,14455,11.324,12431,9.738,413314,141826,271488,5.239,15.268,396370,122219,274151,4.515,14.642,16944,0.626,29.284,8425,8589,60047,4601205,881559,1235665,0.162251656,0.188741722,0.496688742,0.152317881,0.511904762,0.488095238,107450.1484,0.049479167,0.661458333,0.0078125,0.041666667,0.015625,966.9322917,29510,40.2,654.2,7.4,117.7,19.3,16.1,27.4,5.8,68.6,7.3,19.5,58.1,11.7,26.3,14.7,27.3,14.4,40.6
Rochester,New York,S,NY,Monroe County,"Monroe County, NY",,209902,32648,12380,0.379196275,114393,0.544982897,118074,0.562519652,721814,0.001146428,500000,414762,906750,77112,680611,149027,31334,55538,69772,1393839,1377055,8167,11.748,7654,11.01,203821,56667,147154,4.115,14.801,170265,55678,114587,4.043,12.364,33556,2.437,24.729,4661,4709,26143,1387130,227882,316135,0.265993266,0.292929293,0.208754209,0.232323232,0.625748503,0.374251497,61629.29648,0.072864322,0.545226131,0.01758794,0.007537688,0.012562814,258.9321608,36029,47.2,520.8,11.1,203.5,13.4,18.5,36.1,5.8,75.9,8.5,24,58,13.3,32.2,15.5,36.4,15.8,42.4
Cincinnati,Ohio,S,OH,Hamilton County,"Hamilton County, OH",,336406,48133,14084,0.292605904,99602,0.296076764,107715,0.320193457,488580,0.000775992,500000,252091,672280,67937,202301,402042,19727,26780,34090,600789,589983,3924,11.631,3216,9.533,90002,29699,60303,5.034,15.255,68599,24851,43748,4.212,11.627,21403,3.628,23.255,2095,2116,10907,917347,145880,208867,0.421052632,0.289473684,0.078947368,0.210526316,0.871794872,0.128205128,54810.77083,0,0.5,0,0,0.020833333,-1,48201,57.3,559.2,19.3,343.9,14.6,18.9,28.4,5.3,73.8,5.9,16.3,63.2,11.3,28,12.3,24.8,12.2,39.8
Cleveland,Ohio,S,OH,Cuyahoga County,"Cuyahoga County, OH",Cleveland City School District,384755,59776,23212,0.388316381,225695,0.586594066,214048,0.556322855,706861,0.001122679,410264,431744,822357,94848,428548,298961,21259,59392,73881,1352729,1335721,8882,12.15,7330,10.027,202330,71284,131046,5.337,15.148,167640,55686,111954,4.169,12.551,34690,2.597,25.101,4758,4828,27707,690382,94808,137388,0.240837696,0.309648467,0.250560957,0.19895288,0.611525424,0.388474576,73070.83841,0.055779183,0.603220242,0.006325474,0.019551466,0.010350776,406.2024152,8031,75.1,676.6,15.8,249.7,15.4,16.7,31.4,5.2,68.7,8.1,24.2,57.2,12,31.8,16.4,38.9,15.5,39.7
Oklahoma City,Oklahoma,I,OK,Oklahoma County,"Oklahoma County, OK",Oklahoma City School District 89,317593,56516,14539,0.257254583,123859,0.389992852,124942,0.393402877,331494,0.000526499,176166,195529,371770,52764,167451,151555,9604,71298,89755,1826909,1814548,7804,8.696,7769,8.657,235169,59061,176108,3.255,12.96,210764,68580,142184,3.779,11.615,24405,1.345,23.23,5119,5235,34938,1732477,293928,407828,0.21686747,0.329317269,0.208835341,0.24497992,0.584229391,0.415770609,64964.99687,0.047021944,0.63322884,0.006269592,0.015673981,0.02507837,408.8119122,6037,79.9,685.3,22.3,274.6,12.2,16.9,34.1,5.5,75.2,7.9,22.7,58.5,12.8,29.5,15,36.3,13.7,42.6
Portland,Oregon,I,OR,Multnomah County,"Multnomah County, OR",Portland Public Schools,508693,56307,5569,0.098904221,114730,0.225538783,121138,0.238135771,657905,0.001044924,370661,401741,826525,50796,263929,511800,17010,21216,27172,552177,550911,1978,7.251,2189,8.025,62892,19159,43733,3.478,11.416,60123,22214,37909,4.032,10.913,2769,0.503,21.827,1365,1403,13383,871720,139236,186557,0.205479452,0.308219178,0.26369863,0.22260274,0.6625,0.3375,64668.6378,0.065616798,0.572178478,0.020997375,0.047244094,0.018372703,364.2677165,12031,37.1,415.6,15.3,320.4,16.5,13.8,40.7,5.7,75.5,10.5,29.3,51.4,16.2,36.2,16.5,39.2,17.5,42.5
Philadelphia,Pennsylvania,S,PA,Philadelphia County,"Philadelphia County, PA",Philadelphia School District,1584064,239756,77092,0.321543569,464754,0.293393449,479570,0.302746606,2105416,0.003343948,787859,1046761,3416982,357628,1624753,1434601,26036.52905,52834,66710,1237706,1214051,7471,11.317,6085,9.217,193982,65584,128398,5.402,15.978,146250,53174,93076,4.38,12.046,47732,3.932,24.093,4138,4230,28552,2388862,448429,606770,0.192810458,0.307189542,0.379084967,0.120915033,0.727002967,0.272997033,87476.75253,0.113636364,0.626262626,0.005050505,0.005050505,0.005050505,624.0555556,48029,84.6,673.4,20.9,282.1,18.7,12.8,32.6,5.7,67.7,7.2,19,59.1,10.7,29.5,14.5,32.7,14,34.3
Austin,Texas,I,TX,Travis County,"Travis County, TX",Austin,791335,103801,14233,0.13711814,92425,0.1167963,101464,0.12821877,863947,0.001372173,568612,350365,1547245,112626,69040,1365579,18949.72443,31635,43031,990879,983394,3440,8.004,3337,7.764,127004,34104,92900,3.468,12.915,112425,43109,69316,4.384,11.432,14579,1.483,22.865,1979,2027,21093,793012,131547,184476,0.26625387,0.308049536,0.208978328,0.216718266,0.602601156,0.397398844,57111.79097,0.074821853,0.57719715,0.028503563,0.013064133,0.045130641,249.9370546,6065,33.3,432.9,11.1,266,9.9,20,24.4,5.8,60.4,5.1,16.6,70.7,7.7,14.3,12.1,22.8,10.1,30.8
Houston,Texas,S,TX,Harris County,"Harris County, TX",Houston Independent School District 912,1570773,252267,64895,0.257247282,610511,0.388669146,657098,0.418327791,2035634,0.003233116,1285108,1248960,2678729,346235,253943,2078551,12507.19739,35312,44057,756579,740244,4631,10.572,4128,9.423,111585,32945,78640,4.451,15.074,79336,28707,50629,3.878,10.718,32249,4.357,21.435,2649,2694,15114,1511229,260392,359657,0.23872679,0.318302387,0.167108753,0.275862069,0.692111959,0.307888041,53979.31884,0.051759834,0.552795031,0.004140787,0.031055901,0.016563147,122.2380952,32003,56.1,543.9,17.2,291.2,13.9,21,32.9,5.4,73.7,7,22.5,54.7,12.2,27.1,15.3,29.3,14.6,42.2
San Antonio,Texas,I,TX,Bexar County,"Bexar County, TX",San Antonio,360076,62490,21371,0.341990719,276694,0.76843222,294784,0.818671614,605526,0.000961733,387169,234242,693808,136219,258863,298726,13689.16599,17990,22426,455818,453872,1828,8.152,1825,8.138,48785,12610,36175,2.778,10.749,44947,12179,32768,2.683,9.903,3838,0.846,19.806,1254,1282,6268,724216,113084,154530,0.170731707,0.292682927,0.317073171,0.219512195,0.807692308,0.192307692,86685.72727,0.062937063,0.615384615,0.006993007,0,0.027972028,971.958042,4019,51.8,596.1,19,284,20.6,20.9,22.5,4.3,63.8,4,14.9,65,7.9,20.4,11.4,25.4,9.4,29.7
Salt Lake City,Utah,I,UT,Salt Lake County,"Salt Lake County, UT",Davis CountyDavis County School District,210090,29625,4365,0.147341772,68706,0.327031272,75520,0.359464991,531892,0.000844783,311263,372780,642382,42626,371384,228372,8682.949907,24164,30068,521562,513780,3471,11.718,2576,8.697,76710,28079,48631,5.465,14.931,61718,22168,39550,4.315,12.013,14992,2.918,24.025,1677,1701,10002,1052109,190205,257305,0.293604651,0.319767442,0.171511628,0.215116279,0.641361257,0.358638743,63468.07923,0.068522484,0.528907923,0.006423983,0.004282655,0.034261242,351.640257,36055,33.7,422.7,11.2,278.5,28.5,16.2,30.4,4.8,67.7,5.6,16.5,54.2,12.1,29.5,13,32.6,12.9,35.8
Richmond,Virginia,I,VA,Henrico County,"Henrico County, VA",Henrico County,230436,26348,6798,0.258008198,28904,0.12543179,29629,0.128578,516195,0.000819852,326785,214086,612248,33320,266203,312725,11859.52542,42557,55374,1072041,1055917,6331,11.604,4704,8.622,150098,47676,102422,4.515,14.215,117860,38026,79834,3.601,11.162,32238,3.053,22.324,3018,3071,19858,1060485,182294,254338,0.271929825,0.32748538,0.116959064,0.283625731,0.538461538,0.461538462,56587.86976,0.048565121,0.587196468,0.006622517,0.013245033,0.024282561,197.781457,41051,44.1,496.3,15.3,280.8,28.9,17.4,29.4,4.9,68.8,5.4,15.7,55.3,12.7,30.2,12.5,37.8,14.1,35
Virginia Beach,Virginia,I,VA,Virginia Beach City,"Virginia Beach City, VA",,449974,71069,6870,0.09666662,26541,0.058983408,28159,0.062579171,800625,0.001271601,500000,532903,848902,59667,365599,423636,12305.42429,912,1012,13627,13475,74,7.294,79,7.787,1830,389,1441,2.887,13.581,1593,514,1079,3.814,11.822,237,1.759,23.644,53,55,290,142483,23870,32605,0.295615276,0.319660537,0.200848656,0.18387553,0.529258778,0.470741222,59933.37582,0.053376906,0.58496732,0.016339869,0.011982571,0.016339869,236.0501089,1073,45.3,426.5,13.2,295.9,15.6,15.1,22.4,4.9,60.9,4.1,10.9,68.5,7.4,16.9,12.2,25.8,10.1,30.4
Seattle,Washington,I,WA,King County,"King County, WA",Seattle School District 1,710861,68137,4939,0.072486314,167890,0.236178381,178215,0.250703021,819383,0.001301393,509309,540294,1042716,43513,520297,478906,19106.81106,23694,29211,638938,630325,3213,11.094,2712,9.364,84830,26287,58543,4.17,13.458,67808,23013,44795,3.651,10.758,17022,2.701,21.515,1788,1814,12910,1119443,221200,307322,0.185393258,0.308988764,0.235955056,0.269662921,0.588541667,0.411458333,61058.33624,0.034934498,0.624454148,0.017467249,0.017467249,0.03930131,519.0917031,48453,33.1,464.2,9.2,227.5,8.1,18.8,23.4,5.5,60.5,4,10.8,73.2,7.1,13,10,22.7,8.6,29.4
Milwaukee,Wisconsin,S,WI,Milwaukee County,"Milwaukee County, WI",Milwaukee School District,593257,108698,32638,0.300263114,226100,0.381116447,233885,0.394238922,1069496,0.001698638,507236,658967,1229610,187472,686852,355286,16277.81676,27324,35399,802609,798108,2937,8.305,2869,8.113,93446,28619,64827,3.586,11.708,84860,26021,58839,3.26,10.633,8586,1.076,21.265,1786,1819,11572,929658,159612,224481,0.195402299,0.221771467,0.364435429,0.218390805,0.403082395,0.596917605,75875.48158,0.055709024,0.500460405,0.018876611,0.063996317,0.010128913,790.9258748,26163,72.1,641.5,16.4,227.8,17.9,23.1,34,5,71.7,6.6,22.4,58.7,11.9,27.7,15.4,37.2,14,39.2
